https://www.example.com/blog/url1.html,"This is an example copy, the keyword is monkey, the link is <a href=""/location1.html"">here</a>"
https://www.example.com/blog/url2.html,"This is an example copy, the keyword is bullseye, the link is <a href=""/location2.html"">here</a>"
https://www.example.com/blog/url3.html,"This is an example copy, the keyword is I am a legend, the link is <a href=""/location3.html"">here</a>"
https://www.example.com/blog/url4.html,"This is an example copy, the keyword is bullseye, the link is <a href=""/location4.html"">here</a>"
https://www.example.com/blog/url5.html,"This is an example copy, the keyword is body odour, the link is <a href=""/location5.html"">here</a>"
https://www.example.com/blog/url6.html,"This is an example copy, the keyword is bullseye, the link is <a href=""/location6.html"">here</a>"
https://www.example.com/blog/url7.html,"This is an example copy, the keyword is bullseye, the link is <a href=""/location7.html"">here</a>"
