/location1.html,keyword 3
/location2.html,monkey
/location3.html,keyword 3
/location4.html,bullseye
/location5.html,body odour
/location6.html,keyword 6
/location7.html,keyword 7
/location8.html,keyword 8
/location9.html,keyword 9
/location10.html,keyword 10
/location11.html,keyword 11
/location12.html,keyword 12
/location13.html,keyword 13
/location14.html,keyword 14
/location15.html,keyword 15
/location16.html,keyword 16
/location17.html,keyword 17
/location18.html,keyword 18
/location19.html,keyword 19
/location20.html,keyword 20
